,structure,mean wt CN_1,std_dev wt CN_1,mean sgl_bd CN_1,std_dev sgl_bd CN_1,mean wt CN_2,std_dev wt CN_2,mean L-shaped CN_2,std_dev L-shaped CN_2,mean water-like CN_2,std_dev water-like CN_2,mean bent 120 degrees CN_2,std_dev bent 120 degrees CN_2,mean bent 150 degrees CN_2,std_dev bent 150 degrees CN_2,mean linear CN_2,std_dev linear CN_2,mean wt CN_3,std_dev wt CN_3,mean trigonal planar CN_3,std_dev trigonal planar CN_3,mean trigonal non-coplanar CN_3,std_dev trigonal non-coplanar CN_3,mean T-shaped CN_3,std_dev T-shaped CN_3,mean wt CN_4,std_dev wt CN_4,mean square co-planar CN_4,std_dev square co-planar CN_4,mean tetrahedral CN_4,std_dev tetrahedral CN_4,mean rectangular see-saw-like CN_4,std_dev rectangular see-saw-like CN_4,mean see-saw-like CN_4,std_dev see-saw-like CN_4,mean trigonal pyramidal CN_4,std_dev trigonal pyramidal CN_4,mean wt CN_5,std_dev wt CN_5,mean pentagonal planar CN_5,std_dev pentagonal planar CN_5,mean square pyramidal CN_5,std_dev square pyramidal CN_5,mean trigonal bipyramidal CN_5,std_dev trigonal bipyramidal CN_5,mean wt CN_6,std_dev wt CN_6,mean hexagonal planar CN_6,std_dev hexagonal planar CN_6,mean octahedral CN_6,std_dev octahedral CN_6,mean pentagonal pyramidal CN_6,std_dev pentagonal pyramidal CN_6,mean wt CN_7,std_dev wt CN_7,mean hexagonal pyramidal CN_7,std_dev hexagonal pyramidal CN_7,mean pentagonal bipyramidal CN_7,std_dev pentagonal bipyramidal CN_7,mean wt CN_8,std_dev wt CN_8,mean body-centered cubic CN_8,std_dev body-centered cubic CN_8,mean hexagonal bipyramidal CN_8,std_dev hexagonal bipyramidal CN_8,mean wt CN_9,std_dev wt CN_9,mean q2 CN_9,std_dev q2 CN_9,mean q4 CN_9,std_dev q4 CN_9,mean q6 CN_9,std_dev q6 CN_9,mean wt CN_10,std_dev wt CN_10,mean q2 CN_10,std_dev q2 CN_10,mean q4 CN_10,std_dev q4 CN_10,mean q6 CN_10,std_dev q6 CN_10,mean wt CN_11,std_dev wt CN_11,mean q2 CN_11,std_dev q2 CN_11,mean q4 CN_11,std_dev q4 CN_11,mean q6 CN_11,std_dev q6 CN_11,mean wt CN_12,std_dev wt CN_12,mean cuboctahedral CN_12,std_dev cuboctahedral CN_12,mean q2 CN_12,std_dev q2 CN_12,mean q4 CN_12,std_dev q4 CN_12,mean q6 CN_12,std_dev q6 CN_12,mean wt CN_13,std_dev wt CN_13,mean wt CN_14,std_dev wt CN_14,mean wt CN_15,std_dev wt CN_15,mean wt CN_16,std_dev wt CN_16,mean wt CN_17,std_dev wt CN_17,mean wt CN_18,std_dev wt CN_18,mean wt CN_19,std_dev wt CN_19,mean wt CN_20,std_dev wt CN_20,mean wt CN_21,std_dev wt CN_21,mean wt CN_22,std_dev wt CN_22,mean wt CN_23,std_dev wt CN_23,mean wt CN_24,std_dev wt CN_24
0,As2O3_14,0.6575348470503724,0.3906602723876643,0.6575348470503724,0.3906602723876643,0.33813634702076434,0.39394478573276104,0.18246762972695107,0.3433705015225743,0.17607990155296077,0.23672324274460593,0.17050663646636816,0.272447482596447,0.031176068529043387,0.053944925046196995,0.004289299382426518,0.00711296892483318,0.004074158062357713,0.008148316124715425,8.496896896538143e-05,0.00016993793793076286,0.0005919096803567939,0.0011838193607135877,0.003268512185858974,0.006537024371717948,0.000254647866505708,0.000509295733011416,0.00021804158571632013,0.00043608317143264025,2.4142869761943183e-05,4.828573952388637e-05,0.0002275257791650071,0.0004550515583300142,0.0002217278637076271,0.0004434557274152542,0.00010555240026862493,0.0002111048005372499,0.0,0.0,0.0,0.0,0.0,0.0,0.0,0.0,0.0,0.0,0.0,0.0,0.0,0.0,0.0,0.0,0.0,0.0,0.0,0.0,0.0,0.0,0.0,0.0,0.0,0.0,0.0,0.0,0.0,0.0,0.0,0.0,0.0,0.0,0.0,0.0,0.0,0.0,0.0,0.0,0.0,0.0,0.0,0.0,0.0,0.0,0.0,0.0,0.0,0.0,0.0,0.0,0.0,0.0,0.0,0.0,0.0,0.0,0.0,0.0,0.0,0.0,0.0,0.0,0.0,0.0,0.0,0.0,0.0,0.0,0.0,0.0,0.0,0.0,0.0,0.0,0.0,0.0,0.0,0.0,0.0,0.0,0.0,0.0,0.0,0.0
1,As2O3_227,1.0,0.0,1.0,0.0,0.0,0.0,0.0,0.0,0.0,0.0,0.0,0.0,0.0,0.0,0.0,0.0,0.0,0.0,0.0,0.0,0.0,0.0,0.0,0.0,0.0,0.0,0.0,0.0,0.0,0.0,0.0,0.0,0.0,0.0,0.0,0.0,0.0,0.0,0.0,0.0,0.0,0.0,0.0,0.0,0.0,0.0,0.0,0.0,0.0,0.0,0.0,0.0,0.0,0.0,0.0,0.0,0.0,0.0,0.0,0.0,0.0,0.0,0.0,0.0,0.0,0.0,0.0,0.0,0.0,0.0,0.0,0.0,0.0,0.0,0.0,0.0,0.0,0.0,0.0,0.0,0.0,0.0,0.0,0.0,0.0,0.0,0.0,0.0,0.0,0.0,0.0,0.0,0.0,0.0,0.0,0.0,0.0,0.0,0.0,0.0,0.0,0.0,0.0,0.0,0.0,0.0,0.0,0.0,0.0,0.0,0.0,0.0,0.0,0.0,0.0,0.0,0.0,0.0,0.0,0.0,0.0,0.0
2,As2S3_2,0.20918738737074763,0.19500825017778536,0.20918738737074763,0.19500825017778536,0.6127157895585309,0.22203314191295065,0.43218365983370777,0.13567662353566884,0.5575804580686367,0.24208057845530237,0.2077137118373836,0.12012414580793972,0.0018380896367471114,0.0014833487742605086,0.00040571232870289544,0.0002891771631710764,0.17809682307072153,0.21839482871774907,0.021744475379353805,0.026957152329972593,0.08865171030989785,0.10873347416606866,0.09008487889845296,0.1104386290036185,0.0,0.0,0.0,0.0,0.0,0.0,0.0,0.0,0.0,0.0,0.0,0.0,0.0,0.0,0.0,0.0,0.0,0.0,0.0,0.0,0.0,0.0,0.0,0.0,0.0,0.0,0.0,0.0,0.0,0.0,0.0,0.0,0.0,0.0,0.0,0.0,0.0,0.0,0.0,0.0,0.0,0.0,0.0,0.0,0.0,0.0,0.0,0.0,0.0,0.0,0.0,0.0,0.0,0.0,0.0,0.0,0.0,0.0,0.0,0.0,0.0,0.0,0.0,0.0,0.0,0.0,0.0,0.0,0.0,0.0,0.0,0.0,0.0,0.0,0.0,0.0,0.0,0.0,0.0,0.0,0.0,0.0,0.0,0.0,0.0,0.0,0.0,0.0,0.0,0.0,0.0,0.0,0.0,0.0,0.0,0.0,0.0,0.0
3,As2Se3_12,0.42772545581382,0.3130130820206098,0.42772545581382,0.3130130820206098,0.0,0.0,0.0,0.0,0.0,0.0,0.0,0.0,0.0,0.0,0.0,0.0,0.3722745441861801,0.2947660210921758,0.018202650682378918,0.028073069816082385,0.10932789772864937,0.15258549819325676,0.17283833890837957,0.14481880198931335,0.0,0.0,0.0,0.0,0.0,0.0,0.0,0.0,0.0,0.0,0.0,0.0,0.0,0.0,0.0,0.0,0.0,0.0,0.0,0.0,0.0,0.0,0.0,0.0,0.0,0.0,0.0,0.0,0.0,0.0,0.0,0.0,0.0,0.0,0.0,0.0,0.0,0.0,0.0,0.0,0.0,0.0,0.0,0.0,0.0,0.0,0.0,0.0,0.0,0.0,0.0,0.0,0.0,0.0,0.0,0.0,0.0,0.0,0.0,0.0,0.0,0.0,0.0,0.0,0.0,0.0,0.0,0.0,0.0,0.0,0.0,0.0,0.0,0.0,0.0,0.0,0.0,0.0,0.0,0.0,0.0,0.0,0.0,0.0,0.0,0.0,0.0,0.0,0.0,0.0,0.0,0.0,0.0,0.0,0.0,0.0,0.0,0.0
4,As4S3_62,0.2301652887705455,0.17094907443705804,0.2301652887705455,0.17094907443705804,0.7698347112294545,0.1709490744370581,0.4379868111062445,0.14756351895171735,0.7450760991815379,0.1615992361136366,0.3448482283423767,0.12508545448170907,0.004228263064819339,0.0026938742353444867,0.0008312350966303691,0.00045409255322090335,0.0,0.0,0.0,0.0,0.0,0.0,0.0,0.0,0.0,0.0,0.0,0.0,0.0,0.0,0.0,0.0,0.0,0.0,0.0,0.0,0.0,0.0,0.0,0.0,0.0,0.0,0.0,0.0,0.0,0.0,0.0,0.0,0.0,0.0,0.0,0.0,0.0,0.0,0.0,0.0,0.0,0.0,0.0,0.0,0.0,0.0,0.0,0.0,0.0,0.0,0.0,0.0,0.0,0.0,0.0,0.0,0.0,0.0,0.0,0.0,0.0,0.0,0.0,0.0,0.0,0.0,0.0,0.0,0.0,0.0,0.0,0.0,0.0,0.0,0.0,0.0,0.0,0.0,0.0,0.0,0.0,0.0,0.0,0.0,0.0,0.0,0.0,0.0,0.0,0.0,0.0,0.0,0.0,0.0,0.0,0.0,0.0,0.0,0.0,0.0,0.0,0.0,0.0,0.0,0.0,0.0
5,As4S5_11,0.36841733732195436,0.350125265918826,0.36841733732195436,0.350125265918826,0.47517340328760743,0.3689251062103517,0.20086500759787854,0.13775106840705395,0.4550255826076952,0.35163935113747347,0.27761785985579723,0.26617836452990373,0.005481189684140898,0.006568115246972918,0.000934685855336096,0.0010627735894258971,0.15640925939043815,0.349741736307417,0.03127368063042913,0.06993007579625803,0.12850156818242306,0.287338241671222,0.062395241178212386,0.13952000074697696,0.0,0.0,0.0,0.0,0.0,0.0,0.0,0.0,0.0,0.0,0.0,0.0,0.0,0.0,0.0,0.0,0.0,0.0,0.0,0.0,0.0,0.0,0.0,0.0,0.0,0.0,0.0,0.0,0.0,0.0,0.0,0.0,0.0,0.0,0.0,0.0,0.0,0.0,0.0,0.0,0.0,0.0,0.0,0.0,0.0,0.0,0.0,0.0,0.0,0.0,0.0,0.0,0.0,0.0,0.0,0.0,0.0,0.0,0.0,0.0,0.0,0.0,0.0,0.0,0.0,0.0,0.0,0.0,0.0,0.0,0.0,0.0,0.0,0.0,0.0,0.0,0.0,0.0,0.0,0.0,0.0,0.0,0.0,0.0,0.0,0.0,0.0,0.0,0.0,0.0,0.0,0.0,0.0,0.0,0.0,0.0,0.0,0.0
6,As8S9_13,0.6010874317274523,0.4074361983495973,0.6010874317274523,0.4074361983495973,0.34763165585777794,0.3742396714065952,0.1888178070471342,0.20143256822036407,0.3281940701374235,0.36659230718970215,0.16547375172287565,0.20772160884816376,0.0025242747024062555,0.00393117974246398,0.00046196312931872676,0.0006710478048746852,0.05128091241476982,0.15384273724430944,0.0035811093078950426,0.010743327923685127,0.024065019764160873,0.07219505929248263,0.024878829551951958,0.07463648865585588,0.0,0.0,0.0,0.0,0.0,0.0,0.0,0.0,0.0,0.0,0.0,0.0,0.0,0.0,0.0,0.0,0.0,0.0,0.0,0.0,0.0,0.0,0.0,0.0,0.0,0.0,0.0,0.0,0.0,0.0,0.0,0.0,0.0,0.0,0.0,0.0,0.0,0.0,0.0,0.0,0.0,0.0,0.0,0.0,0.0,0.0,0.0,0.0,0.0,0.0,0.0,0.0,0.0,0.0,0.0,0.0,0.0,0.0,0.0,0.0,0.0,0.0,0.0,0.0,0.0,0.0,0.0,0.0,0.0,0.0,0.0,0.0,0.0,0.0,0.0,0.0,0.0,0.0,0.0,0.0,0.0,0.0,0.0,0.0,0.0,0.0,0.0,0.0,0.0,0.0,0.0,0.0,0.0,0.0,0.0,0.0,0.0,0.0
7,AsBr3_19,0.7501393508078621,0.4327713392129264,0.7501393508078621,0.4327713392129264,0.000972434855214468,0.0016843065762823435,0.0008071104175588019,0.0013979562505299764,0.0008323561174262554,0.001441683085373041,0.00023936012968679753,0.00041458390592380884,1.251931952078538e-06,2.168409748618913e-06,3.4737501741368767e-07,6.016711794406305e-07,0.24888821433692343,0.43108703263664405,0.013389619103798956,0.02319150058177465,0.10658945485497584,0.1846183513598873,0.10503059536935297,0.18191832752892778,0.0,0.0,0.0,0.0,0.0,0.0,0.0,0.0,0.0,0.0,0.0,0.0,0.0,0.0,0.0,0.0,0.0,0.0,0.0,0.0,0.0,0.0,0.0,0.0,0.0,0.0,0.0,0.0,0.0,0.0,0.0,0.0,0.0,0.0,0.0,0.0,0.0,0.0,0.0,0.0,0.0,0.0,0.0,0.0,0.0,0.0,0.0,0.0,0.0,0.0,0.0,0.0,0.0,0.0,0.0,0.0,0.0,0.0,0.0,0.0,0.0,0.0,0.0,0.0,0.0,0.0,0.0,0.0,0.0,0.0,0.0,0.0,0.0,0.0,0.0,0.0,0.0,0.0,0.0,0.0,0.0,0.0,0.0,0.0,0.0,0.0,0.0,0.0,0.0,0.0,0.0,0.0,0.0,0.0,0.0,0.0,0.0,0.0
8,AsO2_62,0.6333622881773852,0.45205038013727117,0.6333622881773852,0.45205038013727117,0.1746764280967717,0.3301166057333045,0.002310052844155335,0.0037714794204258373,0.048349936696777986,0.0870400456602493,0.16174662103060486,0.3043046821476954,0.040320714453680205,0.07857120330109242,0.005413617740169427,0.010551840269414548,0.19196128372584317,0.38392256745168635,0.11702701783595673,0.2340540356719135,0.16844267572490915,0.3368853514498183,0.051676830965377875,0.10335366193075575,0.0,0.0,0.0,0.0,0.0,0.0,0.0,0.0,0.0,0.0,0.0,0.0,0.0,0.0,0.0,0.0,0.0,0.0,0.0,0.0,0.0,0.0,0.0,0.0,0.0,0.0,0.0,0.0,0.0,0.0,0.0,0.0,0.0,0.0,0.0,0.0,0.0,0.0,0.0,0.0,0.0,0.0,0.0,0.0,0.0,0.0,0.0,0.0,0.0,0.0,0.0,0.0,0.0,0.0,0.0,0.0,0.0,0.0,0.0,0.0,0.0,0.0,0.0,0.0,0.0,0.0,0.0,0.0,0.0,0.0,0.0,0.0,0.0,0.0,0.0,0.0,0.0,0.0,0.0,0.0,0.0,0.0,0.0,0.0,0.0,0.0,0.0,0.0,0.0,0.0,0.0,0.0,0.0,0.0,0.0,0.0,0.0,0.0
9,AsS2_4,0.39522580954211195,0.44053844395025415,0.39522580954211195,0.44053844395025415,0.4533095849556048,0.441450321553912,0.3195471923735856,0.35622964636604654,0.3596830731007183,0.37128490496990985,0.14614080271987703,0.18596400916452657,0.001765322409991798,0.0028828734327175963,0.00034704721157570456,0.0005228050009835951,0.1510401926036471,0.3378751065070384,0.02465186027612415,0.06200439443514798,0.08240630765139895,0.1879982396240548,0.07912618106734942,0.17714240190766264,0.0004244128986360968,0.0009490160918780402,0.00015027549729277484,0.00033602760094034347,0.00016911162451264052,0.0003816766850077329,0.00020380508630381687,0.00045668423674238823,0.00024057602751528448,0.0005379880881583404,0.00024122153723892532,0.000539434548532667,0.0,0.0,0.0,0.0,0.0,0.0,0.0,0.0,0.0,0.0,0.0,0.0,0.0,0.0,0.0,0.0,0.0,0.0,0.0,0.0,0.0,0.0,0.0,0.0,0.0,0.0,0.0,0.0,0.0,0.0,0.0,0.0,0.0,0.0,0.0,0.0,0.0,0.0,0.0,0.0,0.0,0.0,0.0,0.0,0.0,0.0,0.0,0.0,0.0,0.0,0.0,0.0,0.0,0.0,0.0,0.0,0.0,0.0,0.0,0.0,0.0,0.0,0.0,0.0,0.0,0.0,0.0,0.0,0.0,0.0,0.0,0.0,0.0,0.0,0.0,0.0,0.0,0.0,0.0,0.0,0.0,0.0,0.0,0.0,0.0,0.0
10,AsS_15,0.6954684570282041,0.3873115768959107,0.6954684570282041,0.3873115768959107,0.10453154297179583,0.17838967118730636,0.07689446226414245,0.13112634502621365,0.09656025786031529,0.1648446962097121,0.0327788702102501,0.05601089975249189,0.00022390244855193575,0.00038315858107740937,5.514167399280251e-05,9.430339584553683e-05,0.0,0.0,0.0,0.0,0.0,0.0,0.0,0.0,0.0,0.0,0.0,0.0,0.0,0.0,0.0,0.0,0.0,0.0,0.0,0.0,0.0,0.0,0.0,0.0,0.0,0.0,0.0,0.0,0.0,0.0,0.0,0.0,0.0,0.0,0.0,0.0,0.0,0.0,0.0,0.0,0.0,0.0,0.0,0.0,0.0,0.0,0.0,0.0,0.0,0.0,0.0,0.0,0.0,0.0,0.0,0.0,0.0,0.0,0.0,0.0,0.0,0.0,0.0,0.0,0.0,0.0,0.0,0.0,0.0,0.0,0.0,0.0,0.0,0.0,0.0,0.0,0.0,0.0,0.0,0.0,0.0,0.0,0.0,0.0,0.0,0.0,0.0,0.0,0.0,0.0,0.0,0.0,0.0,0.0,0.0,0.0,0.0,0.0,0.0,0.0,0.0,0.0,0.0,0.0,0.0,0.0
11,GeS2_7,0.31559418467110995,0.4317183329404456,0.31559418467110995,0.4317183329404456,0.4641248975303778,0.4689329006293918,0.27421945323182995,0.2978315156894255,0.4482721489213626,0.4596055988339695,0.1994483025049618,0.18844925913177552,0.0026743236737940446,0.0033310643273738554,0.000506539104686353,0.0005311323310797032,0.00011044726506210162,0.0003606058670684065,6.161487695494732e-05,0.00020117430631671267,0.00010740054960365543,0.00035065474789452885,1.8436041489809246e-05,6.01876057793055e-05,0.2201704705334501,0.41190725416171653,0.046874854961267726,0.0876969378161169,0.20700187953211663,0.38727223548814665,0.02122138725828135,0.0397118337317283,0.07655417671338308,0.14337944622895404,0.07869556441240519,0.14738707451051936,0.0,0.0,0.0,0.0,0.0,0.0,0.0,0.0,0.0,0.0,0.0,0.0,0.0,0.0,0.0,0.0,0.0,0.0,0.0,0.0,0.0,0.0,0.0,0.0,0.0,0.0,0.0,0.0,0.0,0.0,0.0,0.0,0.0,0.0,0.0,0.0,0.0,0.0,0.0,0.0,0.0,0.0,0.0,0.0,0.0,0.0,0.0,0.0,0.0,0.0,0.0,0.0,0.0,0.0,0.0,0.0,0.0,0.0,0.0,0.0,0.0,0.0,0.0,0.0,0.0,0.0,0.0,0.0,0.0,0.0,0.0,0.0,0.0,0.0,0.0,0.0,0.0,0.0,0.0,0.0,0.0,0.0,0.0,0.0,0.0,0.0
12,Li2S_225,1.0,0.0,1.0,0.0,0.0,0.0,0.0,0.0,0.0,0.0,0.0,0.0,0.0,0.0,0.0,0.0,0.0,0.0,0.0,0.0,0.0,0.0,0.0,0.0,0.0,0.0,0.0,0.0,0.0,0.0,0.0,0.0,0.0,0.0,0.0,0.0,0.0,0.0,0.0,0.0,0.0,0.0,0.0,0.0,0.0,0.0,0.0,0.0,0.0,0.0,0.0,0.0,0.0,0.0,0.0,0.0,0.0,0.0,0.0,0.0,0.0,0.0,0.0,0.0,0.0,0.0,0.0,0.0,0.0,0.0,0.0,0.0,0.0,0.0,0.0,0.0,0.0,0.0,0.0,0.0,0.0,0.0,0.0,0.0,0.0,0.0,0.0,0.0,0.0,0.0,0.0,0.0,0.0,0.0,0.0,0.0,0.0,0.0,0.0,0.0,0.0,0.0,0.0,0.0,0.0,0.0,0.0,0.0,0.0,0.0,0.0,0.0,0.0,0.0,0.0,0.0,0.0,0.0,0.0,0.0,0.0,0.0
13,Li3P7_19,0.31382532058493534,0.25308656081157394,0.31382532058493534,0.25308656081157394,0.34748444084741453,0.2922542000885811,0.1831266460998776,0.14592754982407477,0.19951643206567374,0.27454119057742815,0.09085854662238993,0.1381597538525959,0.0012020448899116491,0.001736801897798673,0.00023031613904985317,0.00033781559632140305,0.19145521164035248,0.1931023848919379,0.0386825202915971,0.05538548762659993,0.08939593203636666,0.1012029520037736,0.08372118875346066,0.09787714398400227,0.1471077029940448,0.2256789494626216,0.02716590684140584,0.04337180513733876,0.0892707856857187,0.1441638740005727,0.01673662849079146,0.03437603532552655,0.05106899533605737,0.084189979711613,0.0523510100630285,0.08613828372130894,0.000127323933252854,0.000381971799758562,3.250602371011997e-05,9.751807113035991e-05,3.808786853024442e-05,0.00011426360559073324,4.135995642262729e-05,0.00012407986926788188,0.0,0.0,0.0,0.0,0.0,0.0,0.0,0.0,0.0,0.0,0.0,0.0,0.0,0.0,0.0,0.0,0.0,0.0,0.0,0.0,0.0,0.0,0.0,0.0,0.0,0.0,0.0,0.0,0.0,0.0,0.0,0.0,0.0,0.0,0.0,0.0,0.0,0.0,0.0,0.0,0.0,0.0,0.0,0.0,0.0,0.0,0.0,0.0,0.0,0.0,0.0,0.0,0.0,0.0,0.0,0.0,0.0,0.0,0.0,0.0,0.0,0.0,0.0,0.0,0.0,0.0,0.0,0.0,0.0,0.0,0.0,0.0,0.0,0.0,0.0,0.0,0.0,0.0
14,Li3PO4_31,0.0164002949483711,0.017517322373826638,0.0164002949483711,0.017517322373826638,0.5763231716765552,0.4113427892937459,0.21341825274035278,0.2637550294099196,0.4684443352650709,0.33583660196504117,0.3840236102811534,0.3475192475777355,0.01938100182807268,0.029445692229258174,0.0027497609171626314,0.003940941134643934,0.3862720856299651,0.4157481153337662,0.19363418418738576,0.24870242741462598,0.28019277290890565,0.34500418406330396,0.14025127356347403,0.1244920536981531,0.0027576751028348897,0.0040531770578648915,0.001053618132440557,0.0015073008069691931,0.0010512552615623324,0.001395777182972959,0.0016054745914859823,0.002300035449673022,0.0010385429660866724,0.00151947186417353,0.0009842797839463599,0.001437746956690821,0.00912262167514164,0.012262763791344012,0.0025452919881314346,0.0034162919331365694,0.0027503343742442047,0.003906985720469886,0.002806897221496404,0.0039037313416808443,0.005304638607758313,0.005321514557295636,0.004589464628026135,0.004850434044450484,0.005165209590308595,0.005168101459034739,0.0015266136751783434,0.0015531906083974367,0.0038195123593736113,0.008540689276460001,0.0012801137510591416,0.002862421366300484,0.003636968281762479,0.008132508310031514,0.0,0.0,0.0,0.0,0.0,0.0,0.0,0.0,0.0,0.0,0.0,0.0,0.0,0.0,0.0,0.0,0.0,0.0,0.0,0.0,0.0,0.0,0.0,0.0,0.0,0.0,0.0,0.0,0.0,0.0,0.0,0.0,0.0,0.0,0.0,0.0,0.0,0.0,0.0,0.0,0.0,0.0,0.0,0.0,0.0,0.0,0.0,0.0,0.0,0.0,0.0,0.0,0.0,0.0,0.0,0.0,0.0,0.0,0.0,0.0,0.0,0.0,0.0,0.0
15,Li3P_194,0.3389005737204975,0.4657335526910834,0.3389005737204975,0.4657335526910834,0.0,0.0,0.0,0.0,0.0,0.0,0.0,0.0,0.0,0.0,0.0,0.0,0.3324845075360611,0.4702040998364372,0.3324845075360611,0.4702040998364372,0.09356537213590661,0.13232141824308483,0.011819937325808985,0.016715915672559038,0.32776609294616915,0.4617317928308764,0.16355926425320708,0.23109429271759083,0.07539166603520953,0.10661896302149235,0.1634947232033967,0.2311537926647239,0.32704525033085163,0.46224036177666805,0.32704923987163687,0.4622375424282335,0.0,0.0,0.0,0.0,0.0,0.0,0.0,0.0,0.0008488257972721936,0.0012004209545944913,0.00039653363747147835,0.0005607832480493009,0.00010828852785935833,0.0001531431047481213,0.0001629492618481972,0.00023044505608440518,0.0,0.0,0.0,0.0,0.0,0.0,0.0,0.0,0.0,0.0,0.0,0.0,0.0,0.0,0.0,0.0,0.0,0.0,0.0,0.0,0.0,0.0,0.0,0.0,0.0,0.0,0.0,0.0,0.0,0.0,0.0,0.0,0.0,0.0,0.0,0.0,0.0,0.0,0.0,0.0,0.0,0.0,0.0,0.0,0.0,0.0,0.0,0.0,0.0,0.0,0.0,0.0,0.0,0.0,0.0,0.0,0.0,0.0,0.0,0.0,0.0,0.0,0.0,0.0,0.0,0.0,0.0,0.0,0.0,0.0
16,Li4GeS4_62,0.46502635528843095,0.38571427180261425,0.46502635528843095,0.38571427180261425,0.23766529362448724,0.21223571270372638,0.083274739328005,0.14314397103249624,0.06274667488149671,0.0881325167131697,0.03332471759606841,0.042384715871700965,0.0023459324108651473,0.0051942909558543955,0.00032330256406936964,0.0006831778312535476,0.26671566982806066,0.3265061123783483,0.13441016449956472,0.21321524845325923,0.16671480494937757,0.26912800489919253,0.07486234144091371,0.08767395474496154,0.030592681259021207,0.07493645894820763,0.006451830538378933,0.01580369272593447,0.012050821809923113,0.02951836441551448,0.009413257448896827,0.023057677567250127,0.007661055220501869,0.01876567618151485,0.004733232107628059,0.011594003497846932,0.0,0.0,0.0,0.0,0.0,0.0,0.0,0.0,0.0,0.0,0.0,0.0,0.0,0.0,0.0,0.0,0.0,0.0,0.0,0.0,0.0,0.0,0.0,0.0,0.0,0.0,0.0,0.0,0.0,0.0,0.0,0.0,0.0,0.0,0.0,0.0,0.0,0.0,0.0,0.0,0.0,0.0,0.0,0.0,0.0,0.0,0.0,0.0,0.0,0.0,0.0,0.0,0.0,0.0,0.0,0.0,0.0,0.0,0.0,0.0,0.0,0.0,0.0,0.0,0.0,0.0,0.0,0.0,0.0,0.0,0.0,0.0,0.0,0.0,0.0,0.0,0.0,0.0,0.0,0.0,0.0,0.0,0.0,0.0,0.0,0.0
17,Li4P2O7_153,0.5909139007932521,0.3557122602820597,0.5909139007932521,0.3557122602820597,0.05651906173667665,0.0779732045474316,0.0022420234766436357,0.0034846113383786618,0.025935293102263886,0.039268831844329354,0.055159922431628,0.07836422130180457,0.007881023408079179,0.009084463882731653,0.0010700664113099656,0.0012220461805863318,0.2096414769864339,0.3017719550173706,0.13695373100451755,0.19114268239584783,0.08967043895059132,0.11056628101304976,0.07732160804491764,0.13231304387280277,0.1416523222424583,0.34593743524885984,0.026673106239149896,0.06500754227245206,0.13231130362969568,0.32369920686744874,0.00939588078230283,0.022569686888327375,0.05401301281932252,0.1319639856022761,0.055562167107443015,0.13575637977688862,0.0010913469079606318,0.0012601788621812245,0.0003324381973194192,0.00038624924655489414,0.00033902938578103724,0.00040237407126151307,0.0004971136917131181,0.000574560099388964,0.00018189133321836287,0.000445540955019537,3.687882432908482e-05,9.033430191999598e-05,6.40101481882169e-05,0.00015679220142106852,8.238147074001225e-05,0.00020179256757305253,0.0,0.0,0.0,0.0,0.0,0.0,0.0,0.0,0.0,0.0,0.0,0.0,0.0,0.0,0.0,0.0,0.0,0.0,0.0,0.0,0.0,0.0,0.0,0.0,0.0,0.0,0.0,0.0,0.0,0.0,0.0,0.0,0.0,0.0,0.0,0.0,0.0,0.0,0.0,0.0,0.0,0.0,0.0,0.0,0.0,0.0,0.0,0.0,0.0,0.0,0.0,0.0,0.0,0.0,0.0,0.0,0.0,0.0,0.0,0.0,0.0,0.0,0.0,0.0,0.0,0.0,0.0,0.0,0.0,0.0
18,LiP_14,0.024898798912392158,0.01648416137741164,0.024898798912392158,0.01648416137741164,0.04723286078075881,0.017426671696305896,0.033160023699580723,0.013173675245777183,0.02581212087052163,0.020805440754814518,0.007544280218448579,0.007221365599280568,4.57644396214957e-05,4.5605967771418126e-05,1.1848737280669726e-05,1.1618684868369662e-05,0.5633510114627216,0.32251956563608003,0.08744121130204363,0.01806485318851516,0.13388021818035828,0.10811565043859842,0.20435658800431505,0.1319938891707222,0.3645173288441275,0.32849500246944613,0.06809981281319091,0.05965792755525251,0.027973487091047335,0.021401927622976446,0.07685018182730796,0.06990352421432887,0.07964249916704569,0.0704055823593384,0.0740773530064697,0.06496958524828893,0.0,0.0,0.0,0.0,0.0,0.0,0.0,0.0,0.0,0.0,0.0,0.0,0.0,0.0,0.0,0.0,0.0,0.0,0.0,0.0,0.0,0.0,0.0,0.0,0.0,0.0,0.0,0.0,0.0,0.0,0.0,0.0,0.0,0.0,0.0,0.0,0.0,0.0,0.0,0.0,0.0,0.0,0.0,0.0,0.0,0.0,0.0,0.0,0.0,0.0,0.0,0.0,0.0,0.0,0.0,0.0,0.0,0.0,0.0,0.0,0.0,0.0,0.0,0.0,0.0,0.0,0.0,0.0,0.0,0.0,0.0,0.0,0.0,0.0,0.0,0.0,0.0,0.0,0.0,0.0,0.0,0.0,0.0,0.0,0.0,0.0
19,Na2S5_32,0.2725612907866425,0.4132478293661327,0.2725612907866425,0.4132478293661327,0.2616662583334476,0.37682352150256565,0.11296124154253752,0.12375744381601679,0.24065174095970693,0.37509758219534794,0.14992104029407533,0.2526636139349871,0.002899437694211545,0.005006834615519982,0.0004983486978775336,0.0008563577140203598,0.4530434515533503,0.45336638306107596,0.0676311979782476,0.11285957151021289,0.1561442887925807,0.23131596686201922,0.2510859264839227,0.25146169390027623,0.0,0.0,0.0,0.0,0.0,0.0,0.0,0.0,0.0,0.0,0.0,0.0,0.012728999326559687,0.0220472735631114,0.004672090859457355,0.008092298746158282,0.004693857994798295,0.008130000530504018,0.012728999326559687,0.0220472735631114,0.0,0.0,0.0,0.0,0.0,0.0,0.0,0.0,0.0,0.0,0.0,0.0,0.0,0.0,0.0,0.0,0.0,0.0,0.0,0.0,0.0,0.0,0.0,0.0,0.0,0.0,0.0,0.0,0.0,0.0,0.0,0.0,0.0,0.0,0.0,0.0,0.0,0.0,0.0,0.0,0.0,0.0,0.0,0.0,0.0,0.0,0.0,0.0,0.0,0.0,0.0,0.0,0.0,0.0,0.0,0.0,0.0,0.0,0.0,0.0,0.0,0.0,0.0,0.0,0.0,0.0,0.0,0.0,0.0,0.0,0.0,0.0,0.0,0.0,0.0,0.0,0.0,0.0
20,Na2S5_62,0.5323501982232904,0.337736043610731,0.5323501982232904,0.337736043610731,0.34136555475214775,0.3309383290257761,0.1529973274458156,0.13348460357066366,0.22050068095397973,0.37156528168568675,0.13028720171518224,0.2529431699772272,0.0025170428210909753,0.005026008471265559,0.000432504268731623,0.0008590600748994491,0.12628424702456184,0.20236902874600565,0.03039908881738811,0.06077917432848317,0.07533601402409959,0.15028990248798088,0.055686027549183684,0.09219911274991266,0.0,0.0,0.0,0.0,0.0,0.0,0.0,0.0,0.0,0.0,0.0,0.0,0.0,0.0,0.0,0.0,0.0,0.0,0.0,0.0,0.0,0.0,0.0,0.0,0.0,0.0,0.0,0.0,0.0,0.0,0.0,0.0,0.0,0.0,0.0,0.0,0.0,0.0,0.0,0.0,0.0,0.0,0.0,0.0,0.0,0.0,0.0,0.0,0.0,0.0,0.0,0.0,0.0,0.0,0.0,0.0,0.0,0.0,0.0,0.0,0.0,0.0,0.0,0.0,0.0,0.0,0.0,0.0,0.0,0.0,0.0,0.0,0.0,0.0,0.0,0.0,0.0,0.0,0.0,0.0,0.0,0.0,0.0,0.0,0.0,0.0,0.0,0.0,0.0,0.0,0.0,0.0,0.0,0.0,0.0,0.0,0.0,0.0
21,Na3PO4_114,0.5737037523986279,0.30848696014424437,0.5737037523986279,0.30848696014424437,0.09118035389607294,0.135156283829045,0.01173486111335377,0.021994730592866416,0.01869145236847179,0.025445430027488152,0.036711955516795805,0.07708561156729632,0.010725793436964516,0.025723194367691965,0.0014832321471839494,0.0035231704032458663,0.11398259966681956,0.1482372490873788,0.029779073268698553,0.04507420649024231,0.01563606173922492,0.02161627517077083,0.045998735815244746,0.08086542598999436,0.18766654192162946,0.3254186788248689,0.05203239959481407,0.093559648467045,0.13402489980583718,0.2956712784033127,0.057702595002470145,0.1377986049122985,0.0869283073360454,0.15702254411251104,0.08313704500351644,0.16088234089389628,0.016411710120316864,0.026056439586931233,0.004216320607889524,0.006406366431976817,0.005886905658528001,0.009170338280512537,0.007562543927912555,0.011414224364128936,0.00521948985354565,0.010898662108324754,0.0020684775892902698,0.004152859753770434,0.004531156816275346,0.01019529000655072,0.0014656970263969128,0.003179381363715569,0.0016551647851857816,0.004965494355557345,0.0005700950933824734,0.00171028528014742,0.0012134258710616295,0.003640277613184888,0.0,0.0,0.0,0.0,0.0,0.0,0.0,0.0,0.0,0.0,0.0,0.0,0.0,0.0,0.0,0.0,0.0,0.0,0.0,0.0,0.0,0.0,0.0,0.0,0.0,0.0,0.0,0.0,0.0,0.0,0.0,0.0,0.0,0.0,0.0,0.0,0.0,0.0,0.0,0.0,0.0,0.0,0.0,0.0,0.0,0.0,0.0,0.0,0.0,0.0,0.0,0.0,0.0,0.0,0.0,0.0,0.0,0.0,0.0,0.0,0.0,0.0,0.0,0.0
22,Na3PS4_114,0.5127936626638819,0.26016841594369705,0.5127936626638819,0.26016841594369705,0.09820223839499678,0.06166848032571202,0.0063284484988311955,0.008776566461325958,0.011844043183478209,0.01348481814236835,0.024062469679800812,0.019417698593038612,0.07761933123878012,0.07607806106931564,0.024935132559279944,0.026603081357053568,0.34521715920914653,0.3315214411662476,0.0832618379029802,0.10787421664225125,0.1368363921531559,0.20792914534904733,0.13681056025082167,0.2143872181060863,0.008843592712272497,0.015317551899101818,0.00465223709430019,0.008057911016184532,0.0032732846592096916,0.005669495337386964,0.00550410990835272,0.009533398011710189,0.004393508263006004,0.007609779535000085,0.0026217993266976535,0.00454108964109021,0.03494334701970215,0.06052365242463463,0.012546229930837467,0.021730707683651852,0.01969053292284746,0.0341050034504795,0.015873709974157907,0.027494072179854345,0.0,0.0,0.0,0.0,0.0,0.0,0.0,0.0,0.0,0.0,0.0,0.0,0.0,0.0,0.0,0.0,0.0,0.0,0.0,0.0,0.0,0.0,0.0,0.0,0.0,0.0,0.0,0.0,0.0,0.0,0.0,0.0,0.0,0.0,0.0,0.0,0.0,0.0,0.0,0.0,0.0,0.0,0.0,0.0,0.0,0.0,0.0,0.0,0.0,0.0,0.0,0.0,0.0,0.0,0.0,0.0,0.0,0.0,0.0,0.0,0.0,0.0,0.0,0.0,0.0,0.0,0.0,0.0,0.0,0.0,0.0,0.0,0.0,0.0,0.0,0.0,0.0,0.0
23,Na3P_185,0.640777279186959,0.3321543545827093,0.640777279186959,0.3321543545827093,0.12847570207160902,0.0516290124795993,0.0009091049976164151,0.001602254210961034,0.009251983864930178,0.018495426186661078,0.018607761297337082,0.03699472008817434,0.02934520847204536,0.03354992874753717,0.060979665877389067,0.08076341623384521,0.06462954303708607,0.05738529207969291,0.013303055048358265,0.015794625008073035,0.006441760633675593,0.011738660021843081,0.008384169590148833,0.01634017938528157,0.16611747570434585,0.3309631821877549,0.11495282164186056,0.2290310499293686,0.042658304608789,0.08520886798257385,0.10652968163021306,0.21209037486990023,0.15298128322154622,0.30505164618101993,0.09833467683843464,0.19645438370902432,0.0,0.0,0.0,0.0,0.0,0.0,0.0,0.0,0.0,0.0,0.0,0.0,0.0,0.0,0.0,0.0,0.0,0.0,0.0,0.0,0.0,0.0,0.0,0.0,0.0,0.0,0.0,0.0,0.0,0.0,0.0,0.0,0.0,0.0,0.0,0.0,0.0,0.0,0.0,0.0,0.0,0.0,0.0,0.0,0.0,0.0,0.0,0.0,0.0,0.0,0.0,0.0,0.0,0.0,0.0,0.0,0.0,0.0,0.0,0.0,0.0,0.0,0.0,0.0,0.0,0.0,0.0,0.0,0.0,0.0,0.0,0.0,0.0,0.0,0.0,0.0,0.0,0.0,0.0,0.0,0.0,0.0,0.0,0.0,0.0,0.0
24,NaP15_2,0.10109280433153348,0.2347601856325647,0.10109280433153348,0.2347601856325647,0.35031838506484136,0.41674634445407366,0.1989219313664203,0.25389702231913264,0.3268039358051592,0.4178180290977611,0.15466728884904704,0.1821177231594666,0.0031766767629423146,0.0047371724494658565,0.0005319185738541044,0.0006707826788890275,0.3818497681986885,0.42831539256097456,0.1144043958093966,0.1579487625372122,0.26840385982009485,0.3093359396438947,0.16425810630480886,0.18713990720085036,0.10265114738831728,0.2720115411788187,0.040464184847145965,0.10706532049201826,0.048456403249110984,0.12941217910804734,0.05872142038856355,0.15892656868230792,0.06687783582775159,0.17856594242007798,0.06749153888434256,0.18013393398464356,0.0,0.0,0.0,0.0,0.0,0.0,0.0,0.0,0.0,0.0,0.0,0.0,0.0,0.0,0.0,0.0,0.0,0.0,0.0,0.0,0.0,0.0,0.0,0.0,0.0,0.0,0.0,0.0,0.0,0.0,0.0,0.0,0.0,0.0,0.0,0.0,0.0,0.0,0.0,0.0,0.0,0.0,0.0,0.0,0.0,0.0,0.0,0.0,0.0,0.0,0.0,0.0,0.0,0.0,0.0,0.0,0.0,0.0,0.0,0.0,0.0,0.0,0.0,0.0,0.0,0.0,0.0,0.0,0.0,0.0,0.0,0.0,0.0,0.0,0.0,0.0,0.0,0.0,0.0,0.0,0.0,0.0,0.0,0.0,0.0,0.0
25,NaP5_62,0.47381974491848344,0.4502683899903846,0.47381974491848344,0.4502683899903846,0.1261802550815166,0.2523605101630332,3.2815478699668747e-06,6.56309573993375e-06,0.0009979542972465933,0.0019959085944931867,0.024505477420993967,0.04901095484198793,0.11766199918508921,0.23532399837017842,0.02950548629604934,0.05901097259209868,0.0,0.0,0.0,0.0,0.0,0.0,0.0,0.0,0.0,0.0,0.0,0.0,0.0,0.0,0.0,0.0,0.0,0.0,0.0,0.0,0.0,0.0,0.0,0.0,0.0,0.0,0.0,0.0,0.0,0.0,0.0,0.0,0.0,0.0,0.0,0.0,0.0,0.0,0.0,0.0,0.0,0.0,0.0,0.0,0.0,0.0,0.0,0.0,0.0,0.0,0.0,0.0,0.0,0.0,0.0,0.0,0.0,0.0,0.0,0.0,0.0,0.0,0.0,0.0,0.0,0.0,0.0,0.0,0.0,0.0,0.0,0.0,0.0,0.0,0.0,0.0,0.0,0.0,0.0,0.0,0.0,0.0,0.0,0.0,0.0,0.0,0.0,0.0,0.0,0.0,0.0,0.0,0.0,0.0,0.0,0.0,0.0,0.0,0.0,0.0,0.0,0.0,0.0,0.0,0.0,0.0
26,NaP_19,0.08643430362585315,0.09512109105664468,0.08643430362585315,0.09512109105664468,0.125173158786934,0.006673422441670378,0.08054685660809113,0.03711418810125863,0.05814988251273755,0.049262136186596125,0.014833682332858474,0.014266602107902806,6.979354894073816e-05,7.084566414013768e-05,2.034758398480309e-05,2.011085696543209e-05,0.40765878801689276,0.30959546910172825,0.06256964193361499,0.054378863305053045,0.07877975250781821,0.07678741261458043,0.171202218426491,0.1357493306747992,0.38073374957032,0.27004284690992,0.0860007052196943,0.05348803582532539,0.024527176208680466,0.006531048583157671,0.09285461495702148,0.051787528191649244,0.09061045912115658,0.05704646766010961,0.08404189751795615,0.04933879322863639,0.0,0.0,0.0,0.0,0.0,0.0,0.0,0.0,0.0,0.0,0.0,0.0,0.0,0.0,0.0,0.0,0.0,0.0,0.0,0.0,0.0,0.0,0.0,0.0,0.0,0.0,0.0,0.0,0.0,0.0,0.0,0.0,0.0,0.0,0.0,0.0,0.0,0.0,0.0,0.0,0.0,0.0,0.0,0.0,0.0,0.0,0.0,0.0,0.0,0.0,0.0,0.0,0.0,0.0,0.0,0.0,0.0,0.0,0.0,0.0,0.0,0.0,0.0,0.0,0.0,0.0,0.0,0.0,0.0,0.0,0.0,0.0,0.0,0.0,0.0,0.0,0.0,0.0,0.0,0.0,0.0,0.0,0.0,0.0,0.0,0.0
27,NaS_194,0.0,0.0,0.0,0.0,0.0,0.0,0.0,0.0,0.0,0.0,0.0,0.0,0.0,0.0,0.0,0.0,0.38638982088479046,0.29835590822886393,2.242688064851831e-05,1.7317206569538798e-05,0.0007411098477850936,0.0005722575745576026,0.09816306328391546,0.07579788161482827,0.0,0.0,0.0,0.0,0.0,0.0,0.0,0.0,0.0,0.0,0.0,0.0,0.0,0.0,0.0,0.0,0.0,0.0,0.0,0.0,0.0,0.0,0.0,0.0,0.0,0.0,0.0,0.0,0.0,0.0,0.0,0.0,0.0,0.0,0.0,0.0,0.0,0.0,0.0,0.0,0.0,0.0,0.0,0.0,0.0,0.0,0.0,0.0,0.0,0.0,0.0,0.0,0.0,0.0,0.0,0.0,0.0,0.0,0.0,0.0,0.0,0.0,0.0,0.0,0.0,0.0,0.0,0.0,0.0,0.0,0.0,0.0,0.0,0.0,0.0,0.0,0.0,0.0,0.0,0.0,0.0,0.0,0.0,0.0,0.0,0.0,0.0,0.0,0.0,0.0,0.0,0.0,0.0,0.0,0.0,0.0,0.0,0.0
28,P2O3_11,0.2509114011966937,0.3105860509920768,0.2509114011966937,0.3105860509920768,0.6262458713111599,0.38398467721242446,0.1882229523532005,0.28048822792849193,0.30912186966751726,0.3009361717824074,0.40650084608445614,0.3323945112891585,0.10761647385617991,0.12464905501855839,0.014766615401898373,0.01700267776860334,0.1228427274921463,0.30090200096752145,0.009716133514742362,0.02379956938387328,0.06694794551617253,0.1639883058422717,0.04662436287034231,0.11420589861470433,0.0,0.0,0.0,0.0,0.0,0.0,0.0,0.0,0.0,0.0,0.0,0.0,0.0,0.0,0.0,0.0,0.0,0.0,0.0,0.0,0.0,0.0,0.0,0.0,0.0,0.0,0.0,0.0,0.0,0.0,0.0,0.0,0.0,0.0,0.0,0.0,0.0,0.0,0.0,0.0,0.0,0.0,0.0,0.0,0.0,0.0,0.0,0.0,0.0,0.0,0.0,0.0,0.0,0.0,0.0,0.0,0.0,0.0,0.0,0.0,0.0,0.0,0.0,0.0,0.0,0.0,0.0,0.0,0.0,0.0,0.0,0.0,0.0,0.0,0.0,0.0,0.0,0.0,0.0,0.0,0.0,0.0,0.0,0.0,0.0,0.0,0.0,0.0,0.0,0.0,0.0,0.0,0.0,0.0,0.0,0.0,0.0,0.0
29,P2O5_62,0.5552193457808322,0.4491165584279462,0.5552193457808322,0.4491165584279462,0.28388803750575714,0.3906570545311381,0.008089086729732272,0.0160171560317751,0.08284527284718497,0.17016417242863938,0.18067543008543793,0.31996327902649047,0.13436254792913702,0.2613113763814973,0.030522540263758235,0.06290504787213042,0.16089261671341068,0.35976682804900506,0.09891255629294034,0.22117519969928917,0.13603128823676564,0.30417520756427546,0.045054853629172276,0.10074571543113232,0.0,0.0,0.0,0.0,0.0,0.0,0.0,0.0,0.0,0.0,0.0,0.0,0.0,0.0,0.0,0.0,0.0,0.0,0.0,0.0,0.0,0.0,0.0,0.0,0.0,0.0,0.0,0.0,0.0,0.0,0.0,0.0,0.0,0.0,0.0,0.0,0.0,0.0,0.0,0.0,0.0,0.0,0.0,0.0,0.0,0.0,0.0,0.0,0.0,0.0,0.0,0.0,0.0,0.0,0.0,0.0,0.0,0.0,0.0,0.0,0.0,0.0,0.0,0.0,0.0,0.0,0.0,0.0,0.0,0.0,0.0,0.0,0.0,0.0,0.0,0.0,0.0,0.0,0.0,0.0,0.0,0.0,0.0,0.0,0.0,0.0,0.0,0.0,0.0,0.0,0.0,0.0,0.0,0.0,0.0,0.0,0.0,0.0
30,P2S3_11,0.27214095917633313,0.3425020264722106,0.27214095917633313,0.3425020264722106,0.5120745945854657,0.3737167993737513,0.2995316861144676,0.2513432176692601,0.4937076756771604,0.3609385286151819,0.22313850554138562,0.15561793850000624,0.0028099220411820633,0.002614528267431489,0.0005455969779380839,0.0004434847691952315,0.07292730338105838,0.17863468160073948,0.02054162493894681,0.05031649958804933,0.05825058368896726,0.1426842072572584,0.03812368553719631,0.09338357668045379,0.0,0.0,0.0,0.0,0.0,0.0,0.0,0.0,0.0,0.0,0.0,0.0,0.0,0.0,0.0,0.0,0.0,0.0,0.0,0.0,0.0,0.0,0.0,0.0,0.0,0.0,0.0,0.0,0.0,0.0,0.0,0.0,0.0,0.0,0.0,0.0,0.0,0.0,0.0,0.0,0.0,0.0,0.0,0.0,0.0,0.0,0.0,0.0,0.0,0.0,0.0,0.0,0.0,0.0,0.0,0.0,0.0,0.0,0.0,0.0,0.0,0.0,0.0,0.0,0.0,0.0,0.0,0.0,0.0,0.0,0.0,0.0,0.0,0.0,0.0,0.0,0.0,0.0,0.0,0.0,0.0,0.0,0.0,0.0,0.0,0.0,0.0,0.0,0.0,0.0,0.0,0.0,0.0,0.0,0.0,0.0,0.0,0.0
31,P2S5_2,0.2959052720011757,0.4455202089261998,0.2959052720011757,0.4455202089261998,0.4285539504288033,0.49398772917441836,0.10675496409274142,0.12305287980200023,0.393135615912942,0.45315572332256904,0.32345040392757624,0.37285065085204155,0.008994871807650856,0.01037037307536215,0.001418101347588352,0.0016348845309469451,0.0007212593035580059,0.0016573556601183965,0.00027352326197508547,0.0006327734951728317,0.0007209621217211768,0.0016565661782305913,0.0001145481310659797,0.0002620832875410681,0.27481951826646295,0.43453190492436605,0.023152751298117558,0.036613690283979206,0.2747483525357489,0.43441927048956397,0.0021795948962455734,0.003448466300439103,0.06607942588221463,0.10449151038446518,0.0691124141971193,0.10928702999213692,0.0,0.0,0.0,0.0,0.0,0.0,0.0,0.0,0.0,0.0,0.0,0.0,0.0,0.0,0.0,0.0,0.0,0.0,0.0,0.0,0.0,0.0,0.0,0.0,0.0,0.0,0.0,0.0,0.0,0.0,0.0,0.0,0.0,0.0,0.0,0.0,0.0,0.0,0.0,0.0,0.0,0.0,0.0,0.0,0.0,0.0,0.0,0.0,0.0,0.0,0.0,0.0,0.0,0.0,0.0,0.0,0.0,0.0,0.0,0.0,0.0,0.0,0.0,0.0,0.0,0.0,0.0,0.0,0.0,0.0,0.0,0.0,0.0,0.0,0.0,0.0,0.0,0.0,0.0,0.0,0.0,0.0,0.0,0.0,0.0,0.0
32,P2S7_14,0.7560725496826204,0.40457170201318404,0.7560725496826204,0.40457170201318404,0.024467699847124904,0.06708900405307039,0.013063896715000757,0.03633409916421981,0.024315757908558906,0.06677014861141853,0.011525293258348402,0.03111043042934771,0.00013686984447217445,0.0003523004472708277,2.726803046716335e-05,7.139843754872137e-05,0.004586924127939489,0.012973780622616815,0.002648079700674803,0.007489900453878385,0.004425601719253936,0.012517491946061207,0.0009087828749677244,0.002570426134063537,0.10376171523120409,0.2934824498701275,0.033767543572702875,0.09550903617708169,0.09813511391330959,0.27756801808246206,0.030814979659133306,0.08715792431639476,0.04431138675693832,0.12533152823844346,0.04487528192005277,0.12692646461330956,0.0,0.0,0.0,0.0,0.0,0.0,0.0,0.0,0.0,0.0,0.0,0.0,0.0,0.0,0.0,0.0,0.0,0.0,0.0,0.0,0.0,0.0,0.0,0.0,0.0,0.0,0.0,0.0,0.0,0.0,0.0,0.0,0.0,0.0,0.0,0.0,0.0,0.0,0.0,0.0,0.0,0.0,0.0,0.0,0.0,0.0,0.0,0.0,0.0,0.0,0.0,0.0,0.0,0.0,0.0,0.0,0.0,0.0,0.0,0.0,0.0,0.0,0.0,0.0,0.0,0.0,0.0,0.0,0.0,0.0,0.0,0.0,0.0,0.0,0.0,0.0,0.0,0.0,0.0,0.0,0.0,0.0,0.0,0.0,0.0,0.0
33,P2S7_2,0.7168644563830285,0.4085808775735325,0.7168644563830285,0.4085808775735325,0.07858836207249047,0.20520345951529032,0.0457722382779316,0.12471090181050114,0.07682908146037187,0.20128430111470047,0.0340715299362491,0.08422034285765623,0.00038923210692585797,0.0008165823285051938,7.829824024799324e-05,0.000174200184978052,0.204547181544481,0.38293291006072633,0.11865587776409904,0.22201126246657688,0.19542980899239215,0.36600908370627794,0.04359681093010919,0.08168193076651574,0.0,0.0,0.0,0.0,0.0,0.0,0.0,0.0,0.0,0.0,0.0,0.0,0.0,0.0,0.0,0.0,0.0,0.0,0.0,0.0,0.0,0.0,0.0,0.0,0.0,0.0,0.0,0.0,0.0,0.0,0.0,0.0,0.0,0.0,0.0,0.0,0.0,0.0,0.0,0.0,0.0,0.0,0.0,0.0,0.0,0.0,0.0,0.0,0.0,0.0,0.0,0.0,0.0,0.0,0.0,0.0,0.0,0.0,0.0,0.0,0.0,0.0,0.0,0.0,0.0,0.0,0.0,0.0,0.0,0.0,0.0,0.0,0.0,0.0,0.0,0.0,0.0,0.0,0.0,0.0,0.0,0.0,0.0,0.0,0.0,0.0,0.0,0.0,0.0,0.0,0.0,0.0,0.0,0.0,0.0,0.0,0.0,0.0
34,P2Se5_14,0.2594177609518544,0.2597663524373964,0.2594177609518544,0.2597663524373964,0.5830842290873088,0.34174070852677135,0.31905572380242103,0.19791433838874103,0.5695245800025571,0.3431565652016492,0.271152008189993,0.16426561669138795,0.0035488384974691673,0.002833468158509491,0.0006819132196065067,0.0004810470799965132,0.15749800996083665,0.2517226212017493,0.035459902240814564,0.05655005633956063,0.1259334224810564,0.20015514029265175,0.053999730365390596,0.08619896476847613,0.0,0.0,0.0,0.0,0.0,0.0,0.0,0.0,0.0,0.0,0.0,0.0,0.0,0.0,0.0,0.0,0.0,0.0,0.0,0.0,0.0,0.0,0.0,0.0,0.0,0.0,0.0,0.0,0.0,0.0,0.0,0.0,0.0,0.0,0.0,0.0,0.0,0.0,0.0,0.0,0.0,0.0,0.0,0.0,0.0,0.0,0.0,0.0,0.0,0.0,0.0,0.0,0.0,0.0,0.0,0.0,0.0,0.0,0.0,0.0,0.0,0.0,0.0,0.0,0.0,0.0,0.0,0.0,0.0,0.0,0.0,0.0,0.0,0.0,0.0,0.0,0.0,0.0,0.0,0.0,0.0,0.0,0.0,0.0,0.0,0.0,0.0,0.0,0.0,0.0,0.0,0.0,0.0,0.0,0.0,0.0,0.0,0.0
35,P4S5_11,0.18975294931210504,0.11180547697662123,0.18975294931210504,0.11180547697662123,0.8102470506878948,0.11180547697662124,0.2799886575405299,0.10526082757708193,0.7532271431846981,0.09150409278258913,0.533706370331176,0.1795297513330051,0.01587799349398468,0.01838107018520247,0.002457159149697708,0.0024361930789141397,0.0,0.0,0.0,0.0,0.0,0.0,0.0,0.0,0.0,0.0,0.0,0.0,0.0,0.0,0.0,0.0,0.0,0.0,0.0,0.0,0.0,0.0,0.0,0.0,0.0,0.0,0.0,0.0,0.0,0.0,0.0,0.0,0.0,0.0,0.0,0.0,0.0,0.0,0.0,0.0,0.0,0.0,0.0,0.0,0.0,0.0,0.0,0.0,0.0,0.0,0.0,0.0,0.0,0.0,0.0,0.0,0.0,0.0,0.0,0.0,0.0,0.0,0.0,0.0,0.0,0.0,0.0,0.0,0.0,0.0,0.0,0.0,0.0,0.0,0.0,0.0,0.0,0.0,0.0,0.0,0.0,0.0,0.0,0.0,0.0,0.0,0.0,0.0,0.0,0.0,0.0,0.0,0.0,0.0,0.0,0.0,0.0,0.0,0.0,0.0,0.0,0.0,0.0,0.0,0.0,0.0
36,P4S7_14,0.2857391013797655,0.37288151677347164,0.2857391013797655,0.37288151677347164,0.45816371500777164,0.42389971878062704,0.21040364471203057,0.21330890275055492,0.44210055816070537,0.40629174178472344,0.2510980669405407,0.25704616632626276,0.004925731068092549,0.00845221101805895,0.0008380775673166922,0.001259304958433332,0.08098758513083343,0.1695723991586146,0.016395481450932822,0.033640158417753634,0.06592933161862292,0.13766324286541337,0.025858451814757454,0.05445370203787956,0.17510959848162944,0.37146721058774756,0.03748428816877227,0.0796168024054369,0.1716881329895513,0.36420729962945747,0.01800868144313704,0.038517326195231544,0.05885526373896548,0.12487088010696712,0.060408143711827005,0.12816262471071896,0.0,0.0,0.0,0.0,0.0,0.0,0.0,0.0,0.0,0.0,0.0,0.0,0.0,0.0,0.0,0.0,0.0,0.0,0.0,0.0,0.0,0.0,0.0,0.0,0.0,0.0,0.0,0.0,0.0,0.0,0.0,0.0,0.0,0.0,0.0,0.0,0.0,0.0,0.0,0.0,0.0,0.0,0.0,0.0,0.0,0.0,0.0,0.0,0.0,0.0,0.0,0.0,0.0,0.0,0.0,0.0,0.0,0.0,0.0,0.0,0.0,0.0,0.0,0.0,0.0,0.0,0.0,0.0,0.0,0.0,0.0,0.0,0.0,0.0,0.0,0.0,0.0,0.0,0.0,0.0,0.0,0.0,0.0,0.0,0.0,0.0
37,P4S9_14,0.3534148808475581,0.39987556844411853,0.3534148808475581,0.39987556844411853,0.40433112167167173,0.43310676372977297,0.09411581643804835,0.10304728467390066,0.36357754131791375,0.39119293531264726,0.31348100579137456,0.33528717087512544,0.00951911763516972,0.010293760711311738,0.0014730303937668067,0.00158560436985245,0.01911404798532759,0.06605876613442531,0.006066065400581017,0.020950916542446338,0.018902409444014633,0.06532583472223828,0.003720234501612127,0.012862059219950664,0.22313994949544266,0.4073975987732593,0.019687281202120436,0.03597273554124041,0.22287814801471414,0.40691926138774487,0.002022944258666051,0.003704242498485533,0.055365722881163704,0.10110877128109562,0.05784822178609276,0.10564082277806801,0.0,0.0,0.0,0.0,0.0,0.0,0.0,0.0,0.0,0.0,0.0,0.0,0.0,0.0,0.0,0.0,0.0,0.0,0.0,0.0,0.0,0.0,0.0,0.0,0.0,0.0,0.0,0.0,0.0,0.0,0.0,0.0,0.0,0.0,0.0,0.0,0.0,0.0,0.0,0.0,0.0,0.0,0.0,0.0,0.0,0.0,0.0,0.0,0.0,0.0,0.0,0.0,0.0,0.0,0.0,0.0,0.0,0.0,0.0,0.0,0.0,0.0,0.0,0.0,0.0,0.0,0.0,0.0,0.0,0.0,0.0,0.0,0.0,0.0,0.0,0.0,0.0,0.0,0.0,0.0,0.0,0.0,0.0,0.0,0.0,0.0
38,P4Se5_33,0.2752150326960586,0.34852439248274436,0.2752150326960586,0.34852439248274436,0.4459285430108157,0.3472394623184036,0.2967462769515696,0.304472528604605,0.35120498436091513,0.2676457326226989,0.1569069033595735,0.15011596828568985,0.0026920375841347466,0.004081614214012046,0.0004721141104842163,0.0006332059221633499,0.2103312688820439,0.27163325931212867,0.05583720837154386,0.0689740822428947,0.15400926669604637,0.19409610763018784,0.07980821814545604,0.11005674025242296,0.06852515541108174,0.18492370040177578,0.023123614986113372,0.06195853958803793,0.060652512152711203,0.16806186084539648,0.022087783162669992,0.058633423468445224,0.029297279688465627,0.07841683031779903,0.029516480685082305,0.07934576817178107,0.0,0.0,0.0,0.0,0.0,0.0,0.0,0.0,0.0,0.0,0.0,0.0,0.0,0.0,0.0,0.0,0.0,0.0,0.0,0.0,0.0,0.0,0.0,0.0,0.0,0.0,0.0,0.0,0.0,0.0,0.0,0.0,0.0,0.0,0.0,0.0,0.0,0.0,0.0,0.0,0.0,0.0,0.0,0.0,0.0,0.0,0.0,0.0,0.0,0.0,0.0,0.0,0.0,0.0,0.0,0.0,0.0,0.0,0.0,0.0,0.0,0.0,0.0,0.0,0.0,0.0,0.0,0.0,0.0,0.0,0.0,0.0,0.0,0.0,0.0,0.0,0.0,0.0,0.0,0.0,0.0,0.0,0.0,0.0,0.0,0.0
39,PO2_15,0.6895074470512859,0.37861407854831636,0.6895074470512859,0.37861407854831636,0.17258459576579074,0.2737906314745148,0.08040758791549225,0.19420732511442404,0.10419359428138757,0.20186578274440034,0.09459485616050937,0.1697126060679435,0.017769746917115414,0.04295617163814612,0.0024031328950670067,0.0057575780593312675,0.0008740722354177104,0.0021410309751072453,0.0005049269838402538,0.0012368134677711493,0.0007393992301396441,0.0018111508300488366,0.00025297601783482403,0.0006196621608565357,0.1370338849475057,0.3356630955926454,0.02499294978813899,0.06121997414794147,0.1160621987615809,0.2842931653913549,0.012540829131914526,0.030718632324621103,0.053661905812447896,0.13144428786578813,0.054979324183014745,0.13467129065144573,0.0,0.0,0.0,0.0,0.0,0.0,0.0,0.0,0.0,0.0,0.0,0.0,0.0,0.0,0.0,0.0,0.0,0.0,0.0,0.0,0.0,0.0,0.0,0.0,0.0,0.0,0.0,0.0,0.0,0.0,0.0,0.0,0.0,0.0,0.0,0.0,0.0,0.0,0.0,0.0,0.0,0.0,0.0,0.0,0.0,0.0,0.0,0.0,0.0,0.0,0.0,0.0,0.0,0.0,0.0,0.0,0.0,0.0,0.0,0.0,0.0,0.0,0.0,0.0,0.0,0.0,0.0,0.0,0.0,0.0,0.0,0.0,0.0,0.0,0.0,0.0,0.0,0.0,0.0,0.0,0.0,0.0,0.0,0.0,0.0,0.0
40,PSe_14,0.17480054836722755,0.21699720973874867,0.17480054836722755,0.21699720973874867,0.5514734577079174,0.3838704110493328,0.38541146853904706,0.3181659618370717,0.47347945247737666,0.3379858313324027,0.1896743210457236,0.17366365502543263,0.0021075360081307627,0.0026084717274677126,0.0004268041424389474,0.0004799894908861733,0.2737259939248551,0.33331345335129714,0.04015494043363092,0.045691370659999724,0.1893331574176392,0.22297168748898002,0.1246374798320743,0.1539824356701576,0.0,0.0,0.0,0.0,0.0,0.0,0.0,0.0,0.0,0.0,0.0,0.0,0.0,0.0,0.0,0.0,0.0,0.0,0.0,0.0,0.0,0.0,0.0,0.0,0.0,0.0,0.0,0.0,0.0,0.0,0.0,0.0,0.0,0.0,0.0,0.0,0.0,0.0,0.0,0.0,0.0,0.0,0.0,0.0,0.0,0.0,0.0,0.0,0.0,0.0,0.0,0.0,0.0,0.0,0.0,0.0,0.0,0.0,0.0,0.0,0.0,0.0,0.0,0.0,0.0,0.0,0.0,0.0,0.0,0.0,0.0,0.0,0.0,0.0,0.0,0.0,0.0,0.0,0.0,0.0,0.0,0.0,0.0,0.0,0.0,0.0,0.0,0.0,0.0,0.0,0.0,0.0,0.0,0.0,0.0,0.0,0.0,0.0
41,PS_15,0.5940136576146233,0.43316087565058076,0.5940136576146233,0.43316087565058076,0.4059863423853766,0.4331608756505808,0.3388091716836862,0.36016009658507225,0.3406245625463477,0.3700167166290134,0.09837409243170822,0.11364108293134394,0.0005439308905000335,0.0007213260280806312,0.0001467275493722476,0.0001819262466304523,0.0,0.0,0.0,0.0,0.0,0.0,0.0,0.0,0.0,0.0,0.0,0.0,0.0,0.0,0.0,0.0,0.0,0.0,0.0,0.0,0.0,0.0,0.0,0.0,0.0,0.0,0.0,0.0,0.0,0.0,0.0,0.0,0.0,0.0,0.0,0.0,0.0,0.0,0.0,0.0,0.0,0.0,0.0,0.0,0.0,0.0,0.0,0.0,0.0,0.0,0.0,0.0,0.0,0.0,0.0,0.0,0.0,0.0,0.0,0.0,0.0,0.0,0.0,0.0,0.0,0.0,0.0,0.0,0.0,0.0,0.0,0.0,0.0,0.0,0.0,0.0,0.0,0.0,0.0,0.0,0.0,0.0,0.0,0.0,0.0,0.0,0.0,0.0,0.0,0.0,0.0,0.0,0.0,0.0,0.0,0.0,0.0,0.0,0.0,0.0,0.0,0.0,0.0,0.0,0.0,0.0
42,Sb2O3_19,0.37167484034881854,0.391207422635518,0.37167484034881854,0.391207422635518,0.49899746572792497,0.43714375309665465,0.20673738817356008,0.3188871562920232,0.21559064451747217,0.2795357840482047,0.2592289394293828,0.34631593042216524,0.07335146034291418,0.13038535772715068,0.010536491688655258,0.01890624149906136,0.09838043761100515,0.2951413128330154,0.00347120916503522,0.010413627495105661,0.022608529237340268,0.0678255877120208,0.04964300361914904,0.1489290108574471,0.0,0.0,0.0,0.0,0.0,0.0,0.0,0.0,0.0,0.0,0.0,0.0,0.0,0.0,0.0,0.0,0.0,0.0,0.0,0.0,0.0,0.0,0.0,0.0,0.0,0.0,0.0,0.0,0.0,0.0,0.0,0.0,0.0,0.0,0.0,0.0,0.0,0.0,0.0,0.0,0.0,0.0,0.0,0.0,0.0,0.0,0.0,0.0,0.0,0.0,0.0,0.0,0.0,0.0,0.0,0.0,0.0,0.0,0.0,0.0,0.0,0.0,0.0,0.0,0.0,0.0,0.0,0.0,0.0,0.0,0.0,0.0,0.0,0.0,0.0,0.0,0.0,0.0,0.0,0.0,0.0,0.0,0.0,0.0,0.0,0.0,0.0,0.0,0.0,0.0,0.0,0.0,0.0,0.0,0.0,0.0,0.0,0.0
43,Sb2O3_227,0.0,0.0,0.0,0.0,0.0,0.0,0.0,0.0,0.0,0.0,0.0,0.0,0.0,0.0,0.0,0.0,0.0,0.0,0.0,0.0,0.0,0.0,0.0,0.0,0.0,0.0,0.0,0.0,0.0,0.0,0.0,0.0,0.0,0.0,0.0,0.0,0.0,0.0,0.0,0.0,0.0,0.0,0.0,0.0,0.0,0.0,0.0,0.0,0.0,0.0,0.0,0.0,0.0,0.0,0.0,0.0,0.0,0.0,0.0,0.0,0.0,0.0,0.0,0.0,0.0,0.0,0.0,0.0,0.0,0.0,0.0,0.0,0.0,0.0,0.0,0.0,0.0,0.0,0.0,0.0,0.0,0.0,0.0,0.0,0.0,0.0,0.0,0.0,0.0,0.0,0.0,0.0,0.0,0.0,0.0,0.0,0.0,0.0,0.0,0.0,0.0,0.0,0.0,0.0,0.0,0.0,0.0,0.0,0.0,0.0,0.0,0.0,0.0,0.0,0.0,0.0,0.0,0.0,0.0,0.0,0.0,0.0
44,Sb2O3_56,0.7150455009132258,0.40298651726774787,0.7150455009132258,0.40298651726774787,0.2849544990867742,0.40298651726774787,0.19648528933197948,0.27787216098008694,0.045647632061112976,0.06455550035104289,0.0035405142703121323,0.0050070432988509,2.132204340688696e-06,3.015392296352737e-06,2.487282524795844e-06,3.5175486800198767e-06,0.0,0.0,0.0,0.0,0.0,0.0,0.0,0.0,0.0,0.0,0.0,0.0,0.0,0.0,0.0,0.0,0.0,0.0,0.0,0.0,0.0,0.0,0.0,0.0,0.0,0.0,0.0,0.0,0.0,0.0,0.0,0.0,0.0,0.0,0.0,0.0,0.0,0.0,0.0,0.0,0.0,0.0,0.0,0.0,0.0,0.0,0.0,0.0,0.0,0.0,0.0,0.0,0.0,0.0,0.0,0.0,0.0,0.0,0.0,0.0,0.0,0.0,0.0,0.0,0.0,0.0,0.0,0.0,0.0,0.0,0.0,0.0,0.0,0.0,0.0,0.0,0.0,0.0,0.0,0.0,0.0,0.0,0.0,0.0,0.0,0.0,0.0,0.0,0.0,0.0,0.0,0.0,0.0,0.0,0.0,0.0,0.0,0.0,0.0,0.0,0.0,0.0,0.0,0.0,0.0,0.0
45,Sb2O5_15,0.5,0.5,0.5,0.5,0.0,0.0,0.0,0.0,0.0,0.0,0.0,0.0,0.0,0.0,0.0,0.0,0.0,0.0,0.0,0.0,0.0,0.0,0.0,0.0,0.0,0.0,0.0,0.0,0.0,0.0,0.0,0.0,0.0,0.0,0.0,0.0,0.0,0.0,0.0,0.0,0.0,0.0,0.0,0.0,0.0,0.0,0.0,0.0,0.0,0.0,0.0,0.0,0.0,0.0,0.0,0.0,0.0,0.0,0.0,0.0,0.0,0.0,0.0,0.0,0.0,0.0,0.0,0.0,0.0,0.0,0.0,0.0,0.0,0.0,0.0,0.0,0.0,0.0,0.0,0.0,0.0,0.0,0.0,0.0,0.0,0.0,0.0,0.0,0.0,0.0,0.0,0.0,0.0,0.0,0.0,0.0,0.0,0.0,0.0,0.0,0.0,0.0,0.0,0.0,0.0,0.0,0.0,0.0,0.0,0.0,0.0,0.0,0.0,0.0,0.0,0.0,0.0,0.0,0.0,0.0,0.0,0.0
46,Sb2Se3_62,0.08952642635582063,0.11954131184814396,0.08952642635582063,0.11954131184814396,0.4523174155921826,0.45726853753919533,0.39251902494902635,0.39965452243092603,0.21945265225874994,0.29537923633755525,0.044857287433601914,0.07483553044357294,0.0001644571070925285,0.00031537466544204277,5.4250292306382885e-05,9.720222595218437e-05,0.3104735736441794,0.38322110277409105,0.011962694419920953,0.015080458723652624,0.08700358994568809,0.11265578825233495,0.1503651808065812,0.18465355901647684,0.1476825844078174,0.2953651688156348,0.1408929151619846,0.2817858303239692,0.011474549048875685,0.022949098097751367,0.14185813624197635,0.28371627248395276,0.09487853297711892,0.18975706595423783,0.052580199908516576,0.10516039981703314,0.0,0.0,0.0,0.0,0.0,0.0,0.0,0.0,0.0,0.0,0.0,0.0,0.0,0.0,0.0,0.0,0.0,0.0,0.0,0.0,0.0,0.0,0.0,0.0,0.0,0.0,0.0,0.0,0.0,0.0,0.0,0.0,0.0,0.0,0.0,0.0,0.0,0.0,0.0,0.0,0.0,0.0,0.0,0.0,0.0,0.0,0.0,0.0,0.0,0.0,0.0,0.0,0.0,0.0,0.0,0.0,0.0,0.0,0.0,0.0,0.0,0.0,0.0,0.0,0.0,0.0,0.0,0.0,0.0,0.0,0.0,0.0,0.0,0.0,0.0,0.0,0.0,0.0,0.0,0.0,0.0,0.0,0.0,0.0,0.0,0.0
47,Sb2Te_164,0.0,0.0,0.0,0.0,0.0,0.0,0.0,0.0,0.0,0.0,0.0,0.0,0.0,0.0,0.0,0.0,0.724387878915022,0.3719286770987992,0.000546129257248551,0.0006264673248859088,0.01154217016259595,0.012759800377187809,0.2647840219800564,0.17027085304566902,0.0,0.0,0.0,0.0,0.0,0.0,0.0,0.0,0.0,0.0,0.0,0.0,0.0,0.0,0.0,0.0,0.0,0.0,0.0,0.0,0.0,0.0,0.0,0.0,0.0,0.0,0.0,0.0,0.0,0.0,0.0,0.0,0.0,0.0,0.0,0.0,0.0,0.0,0.0,0.0,0.0,0.0,0.0,0.0,0.0,0.0,0.0,0.0,0.0,0.0,0.0,0.0,0.0,0.0,0.0,0.0,0.0,0.0,0.0,0.0,0.0,0.0,0.0,0.0,0.0,0.0,0.0,0.0,0.0,0.0,0.0,0.0,0.0,0.0,0.0,0.0,0.0,0.0,0.0,0.0,0.0,0.0,0.0,0.0,0.0,0.0,0.0,0.0,0.0,0.0,0.0,0.0,0.0,0.0,0.0,0.0,0.0,0.0
48,SbBr3_19,0.7153120507084343,0.4130016108834528,0.7153120507084343,0.4130016108834528,0.0348273000994279,0.020117055115973104,0.03205264870617512,0.01855408691186301,0.011405107431175307,0.006633043488737933,0.0013028502828429354,0.0007613477587273557,1.5044852081223807e-06,8.867992012423393e-07,1.0359357122709422e-06,6.065017462017022e-07,0.23681360115372174,0.4101731891215978,0.006618238227801585,0.011463124867146951,0.06090472007772299,0.10549006959537652,0.11745378211925,0.20343591817166592,0.0022265974118413495,0.0038565798453105813,0.0013382238798048997,0.002317871751724033,0.0004659176186579148,0.0008069929876570096,0.0017686840510193985,0.0030634506389023426,0.0018048971034654163,0.003126173485636002,0.001810373118401389,0.003135658221728113,0.0,0.0,0.0,0.0,0.0,0.0,0.0,0.0,0.010820450626574815,0.018741570246018073,0.002627693887069422,0.004551299319142396,0.004027612438918343,0.0069760293774029725,0.0055351055687763336,0.009587084070378038,0.0,0.0,0.0,0.0,0.0,0.0,0.0,0.0,0.0,0.0,0.0,0.0,0.0,0.0,0.0,0.0,0.0,0.0,0.0,0.0,0.0,0.0,0.0,0.0,0.0,0.0,0.0,0.0,0.0,0.0,0.0,0.0,0.0,0.0,0.0,0.0,0.0,0.0,0.0,0.0,0.0,0.0,0.0,0.0,0.0,0.0,0.0,0.0,0.0,0.0,0.0,0.0,0.0,0.0,0.0,0.0,0.0,0.0,0.0,0.0,0.0,0.0,0.0,0.0,0.0,0.0,0.0,0.0,0.0,0.0
49,SbCl3_62,0.6819994970750303,0.4497206240779574,0.6819994970750303,0.4497206240779574,0.3180005029249698,0.4497206240779574,0.3023785293747343,0.42762781721218057,0.22578514114294343,0.3193084087866741,0.04931292566714829,0.06973900827877742,0.00016517746043106228,0.0002335962047399535,5.74315837562249e-05,8.122052465661958e-05,0.0,0.0,0.0,0.0,0.0,0.0,0.0,0.0,0.0,0.0,0.0,0.0,0.0,0.0,0.0,0.0,0.0,0.0,0.0,0.0,0.0,0.0,0.0,0.0,0.0,0.0,0.0,0.0,0.0,0.0,0.0,0.0,0.0,0.0,0.0,0.0,0.0,0.0,0.0,0.0,0.0,0.0,0.0,0.0,0.0,0.0,0.0,0.0,0.0,0.0,0.0,0.0,0.0,0.0,0.0,0.0,0.0,0.0,0.0,0.0,0.0,0.0,0.0,0.0,0.0,0.0,0.0,0.0,0.0,0.0,0.0,0.0,0.0,0.0,0.0,0.0,0.0,0.0,0.0,0.0,0.0,0.0,0.0,0.0,0.0,0.0,0.0,0.0,0.0,0.0,0.0,0.0,0.0,0.0,0.0,0.0,0.0,0.0,0.0,0.0,0.0,0.0,0.0,0.0,0.0,0.0
50,SbCl5_194,0.7225148158378779,0.39242331079966897,0.7225148158378779,0.39242331079966897,0.27748518416212203,0.39242331079966897,0.27748518416212203,0.39242331079966897,0.14822146397894,0.20961680459381216,0.024225347098583646,0.0342598144200127,5.05151262097059e-05,7.143917659075468e-05,2.3194419137969322e-05,3.280186211628229e-05,0.0,0.0,0.0,0.0,0.0,0.0,0.0,0.0,0.0,0.0,0.0,0.0,0.0,0.0,0.0,0.0,0.0,0.0,0.0,0.0,0.0,0.0,0.0,0.0,0.0,0.0,0.0,0.0,0.0,0.0,0.0,0.0,0.0,0.0,0.0,0.0,0.0,0.0,0.0,0.0,0.0,0.0,0.0,0.0,0.0,0.0,0.0,0.0,0.0,0.0,0.0,0.0,0.0,0.0,0.0,0.0,0.0,0.0,0.0,0.0,0.0,0.0,0.0,0.0,0.0,0.0,0.0,0.0,0.0,0.0,0.0,0.0,0.0,0.0,0.0,0.0,0.0,0.0,0.0,0.0,0.0,0.0,0.0,0.0,0.0,0.0,0.0,0.0,0.0,0.0,0.0,0.0,0.0,0.0,0.0,0.0,0.0,0.0,0.0,0.0,0.0,0.0,0.0,0.0,0.0,0.0
51,SbI3_14,0.7610577531641675,0.41386011159432584,0.7610577531641675,0.41386011159432584,0.11890429468123015,0.20594827962603243,0.10861531174940436,0.18812723842990117,0.09121696166467011,0.1579924121152712,0.02203077185858782,0.03815841618903273,8.689298349834122e-05,0.00015050306224037105,2.770446363666272e-05,4.798553861514426e-05,0.12003795215460242,0.20791183196829338,0.009355296538646474,0.016203848924808948,0.05042560539489326,0.08733971054637442,0.060259557762386694,0.10437261568608527,0.0,0.0,0.0,0.0,0.0,0.0,0.0,0.0,0.0,0.0,0.0,0.0,0.0,0.0,0.0,0.0,0.0,0.0,0.0,0.0,0.0,0.0,0.0,0.0,0.0,0.0,0.0,0.0,0.0,0.0,0.0,0.0,0.0,0.0,0.0,0.0,0.0,0.0,0.0,0.0,0.0,0.0,0.0,0.0,0.0,0.0,0.0,0.0,0.0,0.0,0.0,0.0,0.0,0.0,0.0,0.0,0.0,0.0,0.0,0.0,0.0,0.0,0.0,0.0,0.0,0.0,0.0,0.0,0.0,0.0,0.0,0.0,0.0,0.0,0.0,0.0,0.0,0.0,0.0,0.0,0.0,0.0,0.0,0.0,0.0,0.0,0.0,0.0,0.0,0.0,0.0,0.0,0.0,0.0,0.0,0.0,0.0,0.0
52,SbO2_15,0.5070019899187148,0.4912189160682623,0.5070019899187148,0.4912189160682623,0.0009549282261549504,0.0016539842052819974,0.0006129611628921165,0.0010616798771956486,0.0009248902259543329,0.0016019568627767637,0.0003660640121278636,0.0006340414678279695,3.197361495736984e-06,5.5379925607808766e-06,7.127215967853408e-07,1.2344700172838293e-06,0.0,0.0,0.0,0.0,0.0,0.0,0.0,0.0,0.0,0.0,0.0,0.0,0.0,0.0,0.0,0.0,0.0,0.0,0.0,0.0,0.0,0.0,0.0,0.0,0.0,0.0,0.0,0.0,0.0,0.0,0.0,0.0,0.0,0.0,0.0,0.0,0.0,0.0,0.0,0.0,0.0,0.0,0.0,0.0,0.0,0.0,0.0,0.0,0.0,0.0,0.0,0.0,0.0,0.0,0.0,0.0,0.0,0.0,0.0,0.0,0.0,0.0,0.0,0.0,0.0,0.0,0.0,0.0,0.0,0.0,0.0,0.0,0.0,0.0,0.0,0.0,0.0,0.0,0.0,0.0,0.0,0.0,0.0,0.0,0.0,0.0,0.0,0.0,0.0,0.0,0.0,0.0,0.0,0.0,0.0,0.0,0.0,0.0,0.0,0.0,0.0,0.0,0.0,0.0,0.0,0.0
53,SbO2_33,0.6903236878209219,0.3877882801528601,0.6903236878209219,0.3877882801528601,0.15283678002515425,0.2655634175503203,0.02085805169210261,0.023831513209186125,0.07997065068255425,0.1556453420789923,0.12414141808669711,0.2725936034190946,0.010721555502630228,0.02395813308262442,0.001442426337794304,0.003219653813513223,0.0044288646219537665,0.009903242357832527,3.4153829029298515e-05,7.637028340141712e-05,0.0004177926668577706,0.0009342128035948984,0.0022517226205234302,0.005035004845964352,0.15241066753197,0.34080061309760495,0.09000206017059938,0.20125072465648652,0.009261716825757618,0.020709828410747606,0.14726147430328604,0.3292866670089861,0.10566729958983027,0.23627926488169612,0.08404409730035993,0.18792831467121132,0.0,0.0,0.0,0.0,0.0,0.0,0.0,0.0,0.0,0.0,0.0,0.0,0.0,0.0,0.0,0.0,0.0,0.0,0.0,0.0,0.0,0.0,0.0,0.0,0.0,0.0,0.0,0.0,0.0,0.0,0.0,0.0,0.0,0.0,0.0,0.0,0.0,0.0,0.0,0.0,0.0,0.0,0.0,0.0,0.0,0.0,0.0,0.0,0.0,0.0,0.0,0.0,0.0,0.0,0.0,0.0,0.0,0.0,0.0,0.0,0.0,0.0,0.0,0.0,0.0,0.0,0.0,0.0,0.0,0.0,0.0,0.0,0.0,0.0,0.0,0.0,0.0,0.0,0.0,0.0,0.0,0.0,0.0,0.0,0.0,0.0
54,Te3As2_12,0.2089108568071191,0.3959207884833787,0.2089108568071191,0.3959207884833787,0.2059762444552577,0.3971805184158116,0.20134845743799695,0.38825683475755923,0.13445965198392826,0.2592762792730055,0.026675664374525114,0.05143823373117936,7.639855252428851e-05,0.00014731804037919469,2.89906947601683e-05,5.590226778107606e-05,0.19096805397755984,0.38193610795511973,0.0027025778441855013,0.005405155688371003,0.023708302685832468,0.047416605371664935,0.09372342956749342,0.18744685913498688,0.0030557015671824187,0.0061114031343648375,0.0013134415869508766,0.0026268831739017532,0.0018076302456821504,0.0036152604913643007,0.002665654082100574,0.005331308164201148,0.001918791369329375,0.00383758273865875,0.0016930563112694224,0.0033861126225388453,0.0,0.0,0.0,0.0,0.0,0.0,0.0,0.0,0.0,0.0,0.0,0.0,0.0,0.0,0.0,0.0,0.0,0.0,0.0,0.0,0.0,0.0,0.0,0.0,0.0,0.0,0.0,0.0,0.0,0.0,0.0,0.0,0.0,0.0,0.0,0.0,0.0,0.0,0.0,0.0,0.0,0.0,0.0,0.0,0.0,0.0,0.0,0.0,0.0,0.0,0.0,0.0,0.0,0.0,0.0,0.0,0.0,0.0,0.0,0.0,0.0,0.0,0.0,0.0,0.0,0.0,0.0,0.0,0.0,0.0,0.0,0.0,0.0,0.0,0.0,0.0,0.0,0.0,0.0,0.0,0.0,0.0,0.0,0.0,0.0,0.0
